kernel,algo,model,a,a_err,overhead_ms,overhead_err_ms,R2
gaussian,pastas,a*n^2 + overhead,4.743658097246563e-08,2.1539216177358584e-10,17.323296695045226,1.0361405962346908,0.9999252499210686
gaussian,nufft,a*n*ln(n) + overhead,1.3704202249081484e-06,3.310565930317802e-08,2.16863588173591,0.5940695626069411,0.9966979166544666
rectangle,pastas,a*n^2 + overhead,5.447852126608126e-08,3.58448460821944e-10,3.0751722145356024,0.8770994381318715,0.9999895480587002
rectangle,nufft,a*n*ln(n) + overhead,4.711972747992995e-07,2.2874411134867473e-08,1.705490483231358,0.3009956552354067,0.9811964044226419
