kernel,algo,model,a,a_err,overhead_ms,overhead_err_ms,R2
gaussian,pastas,a*n^2 + overhead,4.6247473301908555e-08,2.567102061769813e-10,4.811691709667839e-06,6.305360780182786,0.9994463927543612
gaussian,fft,a*n*ln(n) + overhead,2.0058297585087984e-08,5.641215132606786e-10,0.5135235270352554,0.12246082619599082,0.97846106976771
gaussian,nufft,a*n*ln(n) + overhead,1.3482290089224454e-06,1.915343677032725e-09,26.97998344657538,3.2858962467234454,0.9993663885095573
rectangle,pastas,a*n^2 + overhead,4.6736983956363144e-08,3.8028844676554504e-10,4.2414939200726485,2.041093862048859,0.9999825336940753
rectangle,fft,a*n*ln(n) + overhead,1.2589335669155926e-08,8.339262630078473e-10,0.4952974670881764,0.2978178084996837,0.9952602702250559
rectangle,nufft,a*n*ln(n) + overhead,4.1301685480589314e-07,7.340045355263408e-09,8.829653906908709,2.7018003347072033,0.9944429423704628
regular,pastas,a*n + overhead,1.4271954981382004e-05,1.5657955845302575e-07,16.30097862672412,0.5692286032416398,0.9999298892195558
regular,fft,a*n*ln(n) + overhead,1.0081150037816493e-08,6.83112158630794e-10,0.002670858173747735,0.05553815942205644,0.980862475667825
