kernel,algo,model,a,a_err,overhead_ms,overhead_err_ms,R2
gaussian,pastas,a*n^2 + overhead,1.6380105410061881e-07,2.0732821559450867e-10,55.190548139751144,0.9255421141262822,0.9999541730282268
gaussian,fft,a*n*ln(n) + overhead,1.0609863476235021e-08,1.0480224035121183e-09,0.4935730349462711,0.10881212038539553,0.998348494878752
gaussian,nufft,a*n*ln(n) + overhead,4.075512729731913e-06,9.151085962444562e-08,84.43425577109805,13.544801540549434,0.9992302820394805
rectangle,pastas,a*n^2 + overhead,1.6350542485683046e-07,2.191752030959809e-10,7.209926747421458,1.3027861041979785,0.9999995057229631
rectangle,fft,a*n*ln(n) + overhead,8.93009279444906e-09,2.94206141546005e-10,0.3839929332336838,0.05679362733934958,0.9994620033598919
rectangle,nufft,a*n*ln(n) + overhead,7.775294497085657e-07,4.19707247237452e-09,9.779937736402958e-08,0.17056272664593009,0.9986317416964653
regular,pastas,a*n + overhead,1.6786595528136081e-06,8.62769762541653e-09,13.07351197068868,0.09056771117096168,0.9962039352480533
regular,fft,a*n*ln(n) + overhead,7.776523193184001e-09,2.5425796796239614e-10,0.15191597015168906,0.04396161884522923,0.9992087538162991
